gr,p_num,expertise,confidence_java,aptype,origin,question_confidence,justification,result
1,1,"more than 5",4,sc,Software,5,"There is a class with a name that is a sequence of numbers without meaning",correct
2,1,"more than 5",4,bl,Developer,4,"It seems a clear application of extract class, as IDEs usually implement.",correct
3,1,"more than 5",4,bl,Software,4,"_this_ is passed as an argument in many methods, which seems an automatic strategy to preserve the behavior.",correct
4,1,"more than 5",4,lp,Software,4,"It does not save the long parameter problem, but move it to the constructor of a new class.",correct
1,1,"more than 5",5,sc,Software,4,"It looks like ROCharacter was gutted, with the majority of its members moved to Clazz007382383094620344 just to avoid calling parseFromValue on ROCharacter.JOB, which appears to be some sort of enum. I don't know why a developer would go through all of this work of moving the fields when a simpler refactoring appears possible.",correct
1,1,"more than 5",4,sc,Software,5,"The new code is more homogeneous : no more constructs such as private int base_exp, job_exp; , nous more empty new lines, no more comments.",correct
4,1,"more than 5",4,lp,Software,4,"I'm very confused with the _Object parameter. Firstly, it is an instance with an uppercase as the first letter.  Secondly, this name could also have been referring to the Object type. 
 
 No sane human would write this. Therefore I think a machine has commited this code.",correct
1,1,3-5,4,sc,Software,4,"Moving attributes to another class is making it more difficult to understand I think, as setters still remain in original one.",correct
1,1,"more than 5",5,sc,Software,3,"There are too many small changes. This is typically the kind of thing that would make a developer feel like not doing the refactoring in the first place.
 As such, tool support would be necessary in practice.",correct
3,1,"more than 5",5,bl,Software,3,"I'd expect this kind of refactoring without indirection and @deprecated tag. The callers would have been updated by a human developer",correct
1,1,"Less than one year",2,sc,Software,3,"List of parameters is way too long",correct
4,1,"more than 5",5,lp,Software,5,"parameter list kept exactly the same, TODO in the javadoc",correct
1,1,3-5,3,sc,Software,3,"I am not a 100% sure that the changes were generated by software, however I am inclined to think that it is possible to automate such refactorings. For example replacing the parseFromValue function with a refactored version that has the same switch statement in it but the cases are changed according to the same pattern. Equally, in the ROCharacter class, the getters and setters are modified according to the same pattern.",correct
1,1,1-2,3,sc,Software,3,"I think the patch generated by software due to the order of added and deleted lines and defining the Clazz007382383094620344!",correct
1,1,3-5,4,sc,Software,3,"A developer would put the initialization of the members of the new class into the new class's constructor.",correct
1,1,"more than 5",5,sc,Software,5,"the name class",correct
1,1,3-5,5,sc,Software,3,"The way things are defined look more thorough than what a human would do.  ",correct
1,1,"more than 5",5,sc,Software,2,"Name of new class looks automatic",correct
2,1,"more than 5",5,bl,Developer,4,"Only a developer can have the knowledge to split the logic into separated classes",correct
3,1,"more than 5",5,bl,Software,5,"looks automatic",correct
4,1,"more than 5",5,lp,Software,5,"Should be done with a refactoring method",correct
1,1,"more than 5",5,sc,Software,4,"It's quite a mechanical refactoring. Note that the used of identical class and variable names for Clazz007382383094620344 doesn't make this an easy read always.",correct
1,1,"more than 5",5,sc,Software,5,"variable naming",correct
1,1,1-2,3,sc,Software,1,"because headers templates like calsszzxxxxxxx",correct
1,1,"more than 5",5,sc,Software,4,"Straight forward, boring human job.",correct
1,1,"Less than one year",4,sc,Software,3,"It looks like there was an algorithm that change private attribute into public and create a new Enum for Job. I mean I hope it's not a developper that did all that work.",correct
1,1,1-2,3,sc,Software,3,"the difference seems just the wrapping of properties in a new class. a developer should refactor long method in order to make it short and understandable easily",correct
3,1,"more than 5",5,bl,Software,5,"Coupling generally increased as a result of this refactoring. This is evident by the fact that the access modifier of several of the fields of isc_stmt_handle_impl were changed from private to public.
  Take the refactoring of isc_stmt_handle_impl.addWarning() as an example. It used to be:
     public void addWarning(GDSException warning) {
         rsr_rdb.addWarning(warning);
     } 
 but now it is:
    public void addWarning(GDSException warning) {
        in_sqlda.addWarning(this, warning);
    }
 
 and newly-added XSQLDA.addWarning() is:
    public void addWarning(isc_stmt_handle_impl isc_stmt_handle_impl, GDSException warning) {
        isc_stmt_handle_impl.rsr_rdb.addWarning(warning);
    }
 
 All that this refactoring accomplishes is moving the responsibility to call rsr_rdb.addWarning() to XSQLDA, but there is no benefit of this.",correct
2,1,"more than 5",5,bl,Developer,5,"Methods have coherently moved to proper classes.",correct
2,1,"more than 5",4,bl,Developer,4,"There are 4 main classes in diff. 
 
 1 > Clazz1572373 - is pojo class containing host detail. 
 
 2 > Clazz1950677 - has open and close method for the host class as above.
 
 3 > Clazz8549921 - is config class for handling mail operations. 
 
 4 > POP3XMLReceiver - main class uses above 3 classes.
 
 Overall the code is manged nicely with separation of concerns implemetation.
 
 One suggestion is to keep the getter/setter (related to mSession and mStore)outside of the POP3XMLReceiver class for readability aspeccts.",correct
2,1,1-2,3,bl,Developer,4,"Looks like human has done this because of code formatting. For example multiple blank lines can be seen in code and also { are in new rows.",correct
3,1,"more than 5",5,bl,Software,4,"Lower case in the first place for some class names and underlines in the class and variable names seems 'non-intelligently' written - like following the rules bilndly",correct
3,1,"more than 5",4,bl,Software,3,"XSQLDA -> isc_stmt_handle_impl -> XSQLDA
 
 It is too complex for understood. Not easy to maintenance. And the isc_stmt_handle_impl in the parameter, I don't know where the caller should get it from. Shouldn't it be hidden in class XSQLDA ?",correct
3,1,"more than 5",4,bl,Software,2,"All the things are very much perfect including the name of the var, method and spacing.",correct
3,1,1-2,4,bl,Software,4,"The variables were private as they should be but in refactored code they were replaced with public variables, The new class has not introduced improvement, don't see much of an improvement.",correct
3,1,"more than 5",4,bl,Software,4,"Only Getter and setter files which is generated by software.",correct
3,1,"more than 5",4,bl,Software,4,"From diff , I can say it is software generated . 
 Reason :
 1. These are getter/setter methods which can be autogenerate using IDE.
 2. Most of the changes are of constructors or reference which seems to be auto fixed.",correct
4,1,3-5,4,lp,Software,4,"There was a new class generated, that contains all the properties that were used before in a concise object. There is the automatic option in IDEs to generate class from properties.",correct
4,1,3-5,4,lp,Software,5,"The object params.node could have been missed by the software to reuse because they generally do that. Devs just extract the value and reuse a variable.",correct
4,1,"more than 5",5,lp,Software,4,"Code looks complex and not very easy to read",correct
4,1,"more than 5",4,lp,Software,5,"There no purpose to move it into separate file. Clazz008192792830747866 do not have any code it's just data storage. method is generated by adding the param. So most likely this is software or very stupid programmer.",correct
4,1,"more than 5",5,lp,Software,4,"Looks like group of parameters has been marked and extracted to an Class.",correct
4,1,"more than 5",4,lp,Software,3,"Looking at the parameter names",correct
4,1,"more than 5",4,lp,Software,5,"A parameter object is created online in method invocations which does not make code any readable. It just adds to complexity. If a developer had written this code he or she would have understood that.",correct
4,1,3-5,5,lp,Software,3,"i think it's tool use to make refactor , because there is some generating done for getting fields and attribute",correct
4,1,3-5,5,lp,Software,4,"Because the way the variable name set and the methods created in a same pattren way",correct
4,1,3-5,3,lp,Software,3,"It's pretty basic, so software is able to do it.
 Code is still not too pretty. Too much nesting for a developer who wants to make code look better.",correct
4,1,3-5,5,lp,Software,5,human,correct
1,2,"more than 5",4,sg,Developer,3,"There is no strange name or structure.",correct
3,2,"more than 5",4,sc,Software,4,"I do not see any improvement in the quality of the software. All the code is simply moves to another class.",correct
1,2,"more than 5",5,sg,Developer,2,"It seems to me that identifying Speculative Generality could be automated fairly well and the Collapse hierarchy fix carried out equally proficiently by developer or software when there are only a few abstract methods.",correct
1,2,"more than 5",4,sg,Developer,4,"The refactoring only consists in a basic cut-paste. ",correct
4,2,"more than 5",4,sc,Developer,5,"There is some sort of business semantic in splitting a big ""case """"""",correct
3,2,"more than 5",5,sc,Software,4,"The logic needed to be refactored more, which I'd expect a human refactoring to do",correct
1,2,"Less than one year",2,sg,Developer,3,"A file was deleted",correct
4,2,"more than 5",5,sc,Developer,4,"The switch case is broken down apparently following some business logic",correct
1,2,1-2,3,sg,Developer,3,"Because of the type of programming. A developer can code like this structure.",correct
1,2,3-5,5,sg,Developer,5,"The choice of the variable names represents something more concrete than mathematical names.",correct
1,2,"more than 5",5,sg,Developer,4,"Only the developer can decide if an abstract class can be replaced by a concrete class",correct
1,2,"more than 5",5,sg,Developer,4,"nothing strange",correct
3,2,"more than 5",5,sc,Software,4,"formatting is unnatural",correct
1,2,1-2,3,sg,Developer,1,"boff , the author , the name of functions and the headers imports look like correct",correct
1,2,"more than 5",5,sg,Developer,3,"Weird unabstraction.",correct
1,2,3-5,5,sg,Developer,4,"because the code look neat. and some part are commented",correct
1,2,"Less than one year",4,sg,Developer,4,"It looks like they change the class LinearDamageFunction for ExplosionFunction and i think only a developper can do that type of task.",correct
1,2,1-2,3,sg,Developer,4,"changing a class from abstract to non abstract is most an architectural choice that may match with how to use the code.",correct
2,2,1-2,3,sc,Developer,3,"Lines ending with dots to call functions on other lines.",correct
3,2,"more than 5",5,sc,Software,3,"it look like an extract refactor with all reference updated",correct
2,2,1-2,4,sc,Developer,4,"A parameter named ""Logger"""" was added and that was not initilized on the 1st version. There's also no extension to the class WorkflowManager so I don't see where logger came from.""",correct
2,2,"more than 5",5,sc,Developer,5,"That getTempdir() was introduced on WorkflowManager (where it apparently belongs best), simulatenously with moving the bulk of process_submission() to Clazz008353902603819401.submit(), makes me think that a developer provided input as to the refactoring.",correct
3,2,"more than 5",5,sc,Software,4,"I don't think that a developer would move process_submission() to Clazz008353902603819401 and add the WorkflowManager workflowManager because the workflowManager parameter is not used. Also, I think that a developer would:
 1. Simultaneously relocate WorkflowManager.usage() to Clazz008353902603819401.
 2. Add a separate logger static field to Clazz008353902603819401 that would be used for logging within Clazz008353902603819401.process_submission().
 3. Move the call to PropertyConfigurator.configure() into Clazz008353902603819401.",correct
2,2,"more than 5",5,sc,Developer,5,"Follow the refactoring principles. ",correct
3,2,3-5,2,sc,Software,2,"diff not so useful when reading spaghetti code refactoring but not much of it seems to be happening ",correct
2,2,3-5,3,sc,Developer,3,"I see here the new class has the same level of complexity. ",correct
2,2,1-2,4,sc,Developer,4,"Code has been modified in the main methods with a signature than AI cant do, kinda.",correct
2,2,1-2,3,sc,Developer,2,"Same as before. To many brakes between two lines of codes.",correct
3,2,"more than 5",4,sc,Software,3,"Why not keep a log reference in class Clazz008353902603819401 and move usage method to this class also. If I am a developer, I will do this.",correct
3,2,"more than 5",4,sc,Software,3,"Again I am not very much convinced with the refactoring.... i.e. how helpful the refactoring would be data and methods are used seems like a software job",correct
3,2,1-2,4,sc,Software,3,"after line no. 352 there is a 3 catch statement if developer design that code then he use or operator.",correct
3,2,1-2,3,sc,Software,3,"Multiple catch block , if developer design this then  use pipeline operator",correct
3,2,3-5,4,sc,Software,4,"Earlier class Clazz008353902603819401 used to handle all the functionality which is then partly divided and given to the WorkflowManager class. WorkflowManager class has a reference of Clazz008353902603819401. Hence cohesiveness is increased by delegating some of the functionality to WorkflowManager class.",correct
4,2,3-5,4,sc,Developer,5,"I am not familiar with any IDE feature that does this kind of refactoring",correct
4,2,3-5,4,sc,Developer,5,"The refactoring solution does not conform to the Spaghetti Code Refactoring suggestions. A developer can probably get confused in the implementation part",correct
4,2,"more than 5",5,sc,Developer,3,"One big switch statement has been cut to 3 pieces by some business logic known to a developer.",correct
4,2,"more than 5",4,sc,Developer,3,"The way the code is structured.",correct
4,2,"more than 5",5,sc,Developer,4,"nature of refactoring",correct
4,2,"more than 5",4,sc,Developer,5,"I think refactoring is done by a human because probably introduced methods have meaningful names and each returns a job of some category. In this case code can be more readable.",correct
4,2,3-5,5,sc,Developer,4,"because there is change in name of variable ",correct
4,2,3-5,3,sc,Developer,4,"I don't think software would choose that weird separation at 4017 and put it at the end in public method. Seems odd.",correct
4,3,"more than 5",4,lc,Developer,4,"The class is renamed. I think this is done by a human.",correct
1,3,"more than 5",5,lc,Software,4,"I think that a developer would attempt to avoid introducing so many new imports.",correct
1,3,"Less than one year",1,lc,Software,2,"I think that it's also like a piece of code that was moved from one place to another one.",correct
1,3,"more than 5",5,lc,Software,2,"This looks like the kind of situation a developer would live with and not bother refactoring",correct
2,3,"more than 5",5,sg,Software,2,"The call to init that does nothing should have been removed at the same time.",correct
1,3,"Less than one year",2,lc,Software,4,"Remove license header",correct
2,3,"Less than one year",2,sg,Software,3,"Removed the licence header",correct
1,3,1-2,3,lc,Software,3,"Because the patch is very orderly",correct
1,3,3-5,4,lc,Software,1,"It's a pretty obvious moving of a method which could be done trivially by either human or machine.",correct
1,3,"more than 5",5,lc,Software,4,"I don't see why you want to do this refactor",correct
2,3,"more than 5",5,sg,Software,5,"Looks like an automatic change",correct
1,3,"more than 5",5,lc,Software,4,"It's a fairly automatic refactoring. Feels like an enum really which might be a better choice (again)",correct
1,3,"Less than one year",4,lc,Software,2,"I think that if the software is well made, maybe the software could have seen that the class CommandFactory wasn't necessary.",correct
1,3,1-2,3,lc,Software,3,"the factory should be better.",correct
2,3,"Less than one year",3,sg,Software,2,"It looks like an automatic refactor.",correct
2,3,3-5,2,sg,Software,3,"minor changes",correct
2,3,1-2,3,sg,Software,4,"It is clean code with looks like generated methods. Only thing which looks like developer does is { which are putted below methods.",correct
3,3,1-2,4,lp,Developer,4,"Refactoring is done correctly long list of repeated parameters moved to a new object and object is referenced in the methods ",correct
3,3,1-2,4,lp,Developer,3,"Because format is very much structured.",correct
3,3,1-2,3,lp,Developer,3,"_ is not available ",correct
3,3,1-2,4,lp,Developer,4,"Because all variables name Start with underscore ,if this code from generated by Software so all variables not start with underscore.  ",correct
4,3,"more than 5",5,lc,Developer,3,"Looks like a code anyone can write",correct
4,3,"more than 5",4,lc,Developer,5,"Looking at the structure of the code it looks like human coded.",correct
4,3,"more than 5",5,lc,Developer,5,"By the nature of the refactoring",correct
4,3,3-5,5,lc,Developer,3,"it's done by developer because there is change in naming for method",correct
4,3,1-2,5,lc,Developer,5,"Git merge command along with tge code clearly tel;ls its by developer",correct
4,3,3-5,5,lc,Developer,5,"because code is complicated for software to write down.",correct
2,4,"more than 5",4,lp,Software,4,"I think it really does not solve the long parameter list. It simply defer the list to eh constructor of a new class. This seems non-human to me.",correct
4,4,"more than 5",4,bl,Developer,4,"The class is renamed. I think this is a human refactoring.",correct
1,4,"more than 5",5,bl,Software,5,"I don't think a developer would relocate code that sets fields of POP3XMLReceiver to Email, as this increases coupling of POP3XMLReceiver and Email with no benefit.",correct
4,4,"more than 5",4,bl,Developer,2,"Very hard to tell. ",correct
1,4,"more than 5",5,bl,Software,4,"deprecated tags",correct
2,4,"more than 5",5,lp,Software,4,"I don't know of a single naming convention that would have underscores for both the name the parameter and the data member.",correct
3,4,"more than 5",5,lc,Software,4,"Spread changes in many files imply tool support",correct
3,4,1-2,2,lc,Software,3,"I feel like this could have been done with a global search/replace. Replace SaveStackTrace with Burn.
 I would consider this as software",correct
2,4,"Less than one year",2,lp,Software,3,"Cleaner code than before",correct
1,4,"more than 5",5,bl,Software,5,"A software should be able to remove complexity",correct
2,4,"more than 5",5,lp,Software,5,"Easy to automaticaly refactor parameter list into a new class",correct
2,4,"more than 5",5,lp,Software,5,"same as before.. random junk",correct
1,4,1-2,3,bl,Software,1,"refactoring ",correct
1,4,"Less than one year",4,bl,Software,5,"all the new methodes looks generated",correct
2,4,"Less than one year",4,lp,Software,4,"it looks generated",correct
2,4,1-2,3,lp,Software,3,"Overall cleanness decrease.",correct
2,4,"Less than one year",3,lp,Software,4,"Naming of classes feel generated",correct
3,4,"more than 5",5,lc,Software,4,"too much reference changed wihtout anything else moving arround",correct
2,4,1-2,4,lp,Software,5,"Soulless refactoring. No sane human would put 9 parameters into a constructor.",correct
2,4,"Less than one year",3,lp,Software,4,"A good developer knows that this doesn't quite solve the underlying design problem.",correct
2,4,3-5,4,lp,Software,4,"I think it could be easily done by a soft.",correct
2,4,"more than 5",5,lp,Software,5,"It appears that the parameters to announce_request.setDetails() are simply packaged up into a newly created, temporary Clazz0009465783158860708 instance, but the order is exactly the same, and now the Clazz0009465783158860708 constructor has the Long Parameter List problem.",correct
2,4,"more than 5",4,lp,Software,4,"It seems easy for an IA to identify parameters and types and build a class with those parameters as args.",correct
3,4,"more than 5",5,lc,Software,4,"The Lazy Class SaveStackTrace might have been eliminated, but the utility printTrace() was simply moved to the Burn class, where it appears not to belong. As a result of this refactoring, Burn now has the Blob problem, in my opinion. I don't think a developer would do this.",correct
2,4,3-5,2,lp,Software,3,"just the way the code looks",correct
3,4,3-5,2,lc,Software,2,"it does look like the kind of replacement that could be automated",correct
2,4,3-5,3,lp,Software,4,"IP I've been perfectly done.",correct
2,4,"more than 5",4,lp,Software,5,"this class was modified by the software as there is poor use of ops concepts. from readability aspects this looks poor code not reviewed by the developer",correct
2,4,1-2,3,lp,Software,5,"It is clean and well formatted",correct
3,4,"more than 5",4,lc,Software,3,"It seems mean nothing. If it were me to refactor it, I will change class SaveStackTrace to let it do more things to reduce the code in each catch section.
 In the new method or class, call one method to do there things, then this class no more be lazy.",correct
3,4,1-2,4,lc,Software,3,"They have delete the class that has only one method and instead moved it into Burn class",correct
3,4,1-2,4,lc,Software,4,"Because of all catch block are not commented e.printstacktrace and all are line completely in structure , if this code write developer all catch are not in proper structure wise.  ",correct
3,4,"more than 5",4,lc,Software,5,"SaveStackTrace is replaced by Burn. So Seems like used Find and Replace method of software",correct
4,4,"more than 5",5,bl,Developer,4,"This is moving few attributes to another class.",correct
4,4,"more than 5",5,bl,Developer,4,"Additional logic in setters / getters",correct
2,5,"more than 5",4,lc,Developer,4,"I think it really does not solve the long parameter list. It simply defer the list to eh constructor of a new class. This seems non-human to me.",correct
4,5,"more than 5",4,sg,Software,4,"The class is renamed. I think this is a human refactoring.",correct
1,5,"more than 5",5,lp,Developer,5,"I don't think a developer would relocate code that sets fields of POP3XMLReceiver to Email, as this increases coupling of POP3XMLReceiver and Email with no benefit.",correct
1,5,"more than 5",4,lp,Developer,5,"1/ There are new comments.  2/ some fields have had their visibility extended, a thing an automated tool wouldn't do.",correct
1,5,3-5,4,lp,Developer,4,"Firstly I thought that is was a developer because of many whitespaces and not writing as java convention says to format code, but than I noticed that it was just a copy paste. It was lazy developer or software. Additionally every method has java docs comments. 
 Now I changed my mind that it was a developer as java doc comment has typos in words and it knows what this method is for 'This method will open the Transaction manager for this ressource adb use'.",correct
1,5,"Less than one year",1,lp,Developer,1,"Maybe human because the deleted lines doesn't seem to be similar as the added lines.",correct
1,5,"more than 5",5,lp,Developer,4,"deprecated tags",correct
2,5,"more than 5",5,lc,Developer,4,"I don't know of a single naming convention that would have underscores for both the name the parameter and the data member.",correct
1,5,3-5,3,lp,Developer,5,"I would assume in this case the developer has to make a decision about where to move the methods. Therefore I chose ""Developer"""".""",correct
1,5,3-5,4,lp,Developer,5,"There's a bunch of added comments...",correct
1,5,"more than 5",5,lp,Developer,3,"This shows a little more thought and I'm guessing an automated tool might avoid the use of default package scope. It's far from universally loved.",correct
2,5,"more than 5",5,lc,Developer,5,"same as before.. random junk",correct
1,5,"more than 5",5,lp,Developer,5,"append(""@"""").append(pop3xmlReceiver.mHost).toString() noved to getAddress() Semantic change in the syntax domain.""",correct
1,5,"Less than one year",4,lp,Developer,5,"all the new methodes looks generated",correct
2,5,1-2,3,lc,Developer,3,"Overall cleanness decrease.",correct
3,5,"more than 5",5,sg,Developer,4,"too much reference changed wihtout anything else moving arround",correct
2,5,1-2,3,lc,Developer,5,"Seems like an automated change that could also be easily done by a human",correct
2,5,1-2,4,lc,Developer,5,"Soulless refactoring. No sane human would put 9 parameters into a constructor.",correct
2,5,"more than 5",5,lc,Developer,5,"It appears that the parameters to announce_request.setDetails() are simply packaged up into a newly created, temporary Clazz0009465783158860708 instance, but the order is exactly the same, and now the Clazz0009465783158860708 constructor has the Long Parameter List problem.",correct
3,5,"more than 5",5,sg,Developer,5,"Added code is not well formatted. ",correct
3,5,"more than 5",4,sg,Developer,3,"There is a custom logic in code",correct
3,5,1-2,4,sg,Developer,3,"They have delete the class that has only one method and instead moved it into Burn class",correct
3,5,1-2,4,sg,Developer,3,"Each catch section has a particular and proper condition.",correct
3,5,1-2,3,sg,Developer,3,"Object shouldn't decalre with _",correct
3,5,1-2,4,sg,Developer,4,"Because of all catch block are not commented e.printstacktrace and all are line completely in structure , if this code write developer all catch are not in proper structure wise.  ",correct
3,5,"more than 5",4,sg,Developer,5,"SaveStackTrace is replaced by Burn. So Seems like used Find and Replace method of software",correct
3,5,"more than 5",4,sg,Developer,4,"It seems like developer has updated SaveStackTrace to Burn.printTrace method.
 Also file path is there which does indicate developer given path for that.",correct
4,5,3-5,5,sg,Software,4,"its look like scafolding work here",correct
4,5,3-5,5,sg,Software,5,human,correct
1,1,"Less than one year",1,sc,Software,3,"I seems to be that a piece of code was moved from one place to another",wrong
2,1,"more than 5",5,bl,Developer,4,"Typo in javadoc ('falsh') show that it was a tool blindly copying",wrong
3,1,1-2,2,bl,Software,3,"Line 28: if (isc_stmt_handle_impl.rows== null || isc_stmt_handle_impl.rows.length at the end.",wrong
2,1,"Less than one year",2,bl,Developer,5,"Not sure",wrong
4,1,"Less than one year",2,lp,Software,3,"New code weirdly arranged ",wrong
2,1,"more than 5",5,bl,Developer,5,naming,wrong
3,1,"more than 5",5,bl,Software,3,"not much happening",wrong
1,1,3-5,5,sc,Software,3,"it can only be a developer since the way of coding is just to get the work. As you can see there is even an empty constructor. ",wrong
2,1,"Less than one year",4,bl,Developer,3,"It could be a software that just resturcture some developper code",wrong
2,1,1-2,3,bl,Developer,4,"Overall quality of code and use of variables with the same name as attributes in the setters.",wrong
2,1,"Less than one year",3,bl,Developer,3,"Naming of the class",wrong
3,1,"more than 5",5,bl,Software,4,"the spacing isn't regulare (xx== x or xx=x or xx = x)",wrong
2,1,1-2,3,bl,Developer,4,"Volume of changes",wrong
2,1,1-2,4,bl,Developer,4,"The changes seem to follow a certain logic of refactoring that is not the one a dev would go for.
 close() and open() sure do share parameters but they aren't worth a refactoring in my opinion. The other refactorings seem great.",wrong
2,1,"Less than one year",3,bl,Developer,2,"The code is moved as is in another class.",wrong
2,1,3-5,4,bl,Developer,3,"I think it's developer because this refactoring seems to be complex for a software, but i would be impressed if it has been done by a software.",wrong
2,1,"more than 5",5,bl,Developer,5,"It appears that the refactoring introduced coupling, which I think a developer would avoid.",wrong
2,1,"more than 5",4,bl,Developer,4,"The catch exceptions caught at line 95 is duplicated. Same code is used in both, a human would have differentiate them or used only one block",wrong
2,1,3-5,2,bl,Developer,2,"fairly schematics implementation",wrong
3,1,3-5,2,bl,Software,3,"the syntax used in if condition",wrong
2,1,3-5,3,bl,Developer,4,"I see that class POP3XMLReceiver is gone from BL to MM with Clazz1950677.java
 LC to IC with clazz1572373 ",wrong
2,1,1-2,4,bl,Developer,3,"The redundance asking if an object is null was removed so i think was a software by that",wrong
3,1,"more than 5",4,bl,Software,2,"can't determine from the code whether this is done by a coder or software",wrong
3,1,3-5,5,bl,Software,4,"The refactoring of blob looks like to be written by human",wrong
3,1,1-2,4,bl,Software,3,"At line 253  size is return after that set 0 as a value of size, after return nothing could be executed.
   ",wrong
3,1,1-2,3,bl,Software,3,"Almost all variables declared with _ if code developed by machine then it couldn't happen.",wrong
3,1,3-5,4,bl,Software,4,"The patch is generated by a developer since the file contained private instance variables which were then changed to public instance variables. Hence the data stored in the variables have been made vulnerable. The variables should only be accessed by the methods defined in the class.",wrong
3,1,1-2,4,bl,Software,4,"all classics name should be start with Camel notation if it developed by software.",wrong
4,1,"more than 5",5,lp,Software,3,"With the code changes it can be either ways",wrong
4,1,1-2,5,lp,Software,5,"It showing git change in the code which is generated by git merge conflicts",wrong
4,1,3-5,4,lp,Software,3,"not sure with how its generated",wrong
4,1,"more than 5",5,lp,Software,4,"Includes business logic.",wrong
2,2,"more than 5",4,sc,Developer,5,"I don't see any clue to determine if it was a machine or computer.",wrong
4,2,"more than 5",4,sc,Developer,4,"There is a method with a strange name, while the others have ""human"""" names.""",wrong
1,2,3-5,4,sg,Developer,3,"I think that this movement of implementation is not that difficult for a machine to refactor so I can't tell from this if it was a machine or a person. I think both of them could do this.",wrong
1,2,"Less than one year",1,sg,Developer,2,"I'm not sure. It seems to be machine generated. But it could also be human generated.",wrong
1,2,"more than 5",5,sg,Developer,3,"This is a coin flip. It looks like tool support (a pull up) but could have been done manually.",wrong
2,2,"more than 5",5,sc,Developer,4,"The structure of the moved function is ripe for more refactorings. I'd expect a developer to break down the processing steps in sub-functions while they were at it.",wrong
3,2,1-2,2,sc,Software,4,"Not sure, There are a lot of comments and the code seems intricate, but the class name doesn't look like a programmer wrote it.",wrong
2,2,"Less than one year",2,sc,Developer,3,"Not sure, sorry",wrong
4,2,"Less than one year",2,sc,Developer,2,"Automatic class extraction?",wrong
1,2,3-5,3,sg,Developer,4,"This case may also be automated: Move the attributes and
 methods of the child class to the parent and remove
 the abstract modifier.",wrong
1,2,3-5,4,sg,Developer,1,"It's a pretty obvious collapsing which could be done either by human or machine.",wrong
1,2,"more than 5",5,sg,Developer,3,"We lost the explicit name class",wrong
2,2,"more than 5",5,sc,Developer,4,"A software should be able to reduce complexity",wrong
3,2,"more than 5",5,sc,Software,3,"Need a knowledge to split the logic",wrong
4,2,"more than 5",5,sc,Developer,5,"can be automatic",wrong
1,2,"more than 5",5,sg,Developer,1,"It's a pretty simple refactoring and could have been done by either.",wrong
2,2,"more than 5",5,sc,Developer,5,naming,wrong
2,2,"Less than one year",4,sc,Developer,3,"maybe this software is able to restructure someone's code",wrong
2,2,"Less than one year",3,sc,Developer,5,"I dont know",wrong
2,2,1-2,3,sc,Developer,2,"Seems automated",wrong
2,2,"Less than one year",3,sc,Developer,4,"The patch doesn't fix the spaghetti code.",wrong
2,2,3-5,4,sc,Developer,5,"No idea",wrong
2,2,"more than 5",4,sc,Developer,4,"Not a really big change, human could do better",wrong
2,2,3-5,2,sc,Developer,3,"honestly this diff is not all that easy to read",wrong
2,2,"more than 5",4,sc,Developer,4,"The newly added changes is done by human as it seems there was lot of indentation and newline introduced by computer initially. ",wrong
3,2,"more than 5",5,sc,Software,4,"Well (auto)formatted and readable - looks too good for the machine",wrong
3,2,"more than 5",4,sc,Software,4,"Thre are custom logic and no proper spacing",wrong
3,2,3-5,5,sc,Software,4,"This code was refactored from spaghetti code. Ole process_submission method from A was deleted",wrong
3,2,1-2,4,sc,Software,3,"Looks like human behavior, the new class basically created another spaghetti code of refactored class, they were on right track with starting to extract long methods to new class but then haven't completed the work properly",wrong
3,2,1-2,4,sc,Software,4,"All e.printStackTrace are commented all logger are generated in code ,if this code from software all e.printStackTrace not commentd.",wrong
3,2,"more than 5",4,sc,Software,5,"here string names contains Underscore(_) , which must not be auto generated. System do not generate such names",wrong
3,2,"more than 5",4,sc,Software,5,"New File Added by developer. There are many places where conditions are applied like
 if (cmd.hasOption(k)) { then 
 
 +       if (cmd.hasOption(_z) && cmd.getOptionValue(_z).length() > 0) {
 
 if it was software generated then it must be with if else or else if.
 Not like this.",wrong
4,2,"more than 5",5,sc,Developer,3,"Not sure",wrong
4,2,"more than 5",4,sc,Developer,1,"Both humman and software can generate such code  Modification improve speed but it's not easy to read.",wrong
4,2,1-2,5,sc,Developer,5,"Its auto generated code of software",wrong
4,2,3-5,5,sc,Developer,2,"Its confusing here",wrong
4,2,3-5,4,sc,Developer,5,"Not sure with its generated by s/w or dev. because thesee type any one can do",wrong
4,2,"more than 5",5,sc,Developer,3,"No Business logic.",wrong
4,2,3-5,5,sc,Developer,5,human,wrong
1,3,"more than 5",4,lc,Software,3,"I don't see any special machine-like name",wrong
2,3,"more than 5",4,sg,Software,5,"I don't see any clue,",wrong
3,3,"more than 5",4,lp,Developer,4,"The long parameter problem is not solved, but moves to the constructor of a class.",wrong
1,3,"more than 5",4,lc,Software,2,"This refactoring is simply done with a cut-paste. ",wrong
4,3,"more than 5",4,lc,Developer,1,"I don't know",wrong
1,3,3-5,4,lc,Software,4,"I think that software would not recognize if it is better to use static imports or not.",wrong
3,3,"more than 5",5,lp,Developer,4,"Underscore in both parameter and data member",wrong
3,3,1-2,2,lp,Developer,4,"Because the refractoring seems simple. Just a constructor, setters and getters.",wrong
4,3,"more than 5",5,lc,Developer,3,"flip a coin.",wrong
4,3,"Less than one year",2,lc,Developer,2,"Removed license header",wrong
1,3,3-5,3,lc,Software,3,"I was not entirely sure about this case. This refactoring involves moving the methods and attributes of a class to another one. I would assume it would require a decision by a human to make sure that the methods and attributes are moved to the right class.",wrong
1,3,3-5,5,lc,Software,5,"CommandFactory is more universal than PortaMon. I'd have more trouble to understand",wrong
1,3,"more than 5",5,lc,Software,2,"I think a software can't move content of static methods into another class",wrong
3,3,"more than 5",5,lp,Developer,5,"Easy to split automaticaly parameters into a single class",wrong
4,3,"more than 5",5,lc,Developer,5,"Can be automatic",wrong
1,3,"more than 5",5,lc,Software,4,"switch not ordered",wrong
2,3,"more than 5",5,sg,Software,3,"inconsistent formating",wrong
3,3,"more than 5",5,lp,Developer,1,"Not much code is added.
 Inconsistent formatting. see setDetails()",wrong
1,3,1-2,3,lc,Software,2,"the name of functions",wrong
1,3,"more than 5",5,lc,Software,3,"static imports",wrong
1,3,3-5,5,lc,Software,4,"still don't know",wrong
2,3,"Less than one year",4,sg,Software,4,"It looks like the developper decide to take another direction for his program",wrong
2,3,1-2,3,sg,Software,4,"Use of unaligned tabulation.",wrong
2,3,"Less than one year",3,sg,Software,3,"Not sure",wrong
3,3,"more than 5",5,lp,Developer,4,"The getter setter where kept with underscore separator while the older method call where camelCase.",wrong
2,3,1-2,3,sg,Software,3,"Small changes",wrong
2,3,1-2,4,sg,Software,3,"The refactoring seem simple enough for a software to do but the removal of the class header makes me doubt.",wrong
2,3,3-5,4,sg,Software,5,"The abstract class is useless (the patch is better). I don't think a soft can detect it.",wrong
2,3,"more than 5",5,sg,Software,3,"I think that a developer or software tool would be equally proficient at making this refactoring, given that there are only a few methods of FileRead that were moved to Read.",wrong
2,3,"more than 5",4,sg,Software,2,"The original Read class made no sense to be abstract, probably software generated and modified by a human to avoid an extra unused class?",wrong
3,3,"more than 5",5,lp,Developer,5,"It appears that the parameters to announce_request.setDetails() are simply packaged up into a newly created, temporary Clazz008192792830747866 instance, but the order is exactly the same, and now the Clazz008192792830747866 constructor has the Long Parameter List problem.",wrong
2,3,"more than 5",5,sg,Software,4,"It follows the method for solving SG problem.",wrong
3,3,3-5,2,lp,Developer,3,"use of spacing and schematism of the solution",wrong
2,3,3-5,3,sg,Software,5,"It was easy to make this patch for a developper or a software. The parent was empty so there isn't any complexity while moving the methods",wrong
2,3,"more than 5",4,sg,Software,3,"modifying the class from from abstrarct to interface needs manual interventions. Hence it looks like this is done by devveloper.",wrong
2,3,1-2,4,sg,Software,5,"There is no way than a machine starts a method init without calling a initializer",wrong
3,3,"more than 5",5,lp,Developer,5,"too simple to decide",wrong
3,3,"more than 5",4,lp,Developer,3,"I think nothing changed. From long parameters to long constructor parameters.",wrong
3,3,"more than 5",4,lp,Developer,3,"Well this refactor , I think can be done by coder and its straight forward refactoring so I think a software too can be intelligent enough to carry out such changes. Really not sure",wrong
3,3,"more than 5",4,lp,Developer,3,"Looks like s/w generated code, but no formatting in code.",wrong
3,3,3-5,5,lp,Developer,3,"Long Parameter List was refactored by software. We have got the instance of the class PRUDPPacketRequestAnnounceObject that contains the required data",wrong
3,3,3-5,4,lp,Developer,4,"Parameter list has been decreased while calling the setDetails method as the parameters have been moved to Clazz0009465783158860708  as the instance variables. Hence they can be accessed inside the setDetails using the reference of Clazz0009465783158860708  and the need to write a long list of parameters is eliminated.",wrong
3,3,"more than 5",4,lp,Developer,3,"TRTrackerBTAnnouncerImpl.java has change related to methods that are in PRUDPPacketRequestAnnounce.java and it seems objects for all new variables are auto generated",wrong
3,3,"more than 5",4,lp,Developer,3,"New Object of Class has been added and changes do automatically applied to relevant file where method was called.",wrong
4,3,3-5,4,lc,Developer,5,"The method createCommand was just brought to a higher level, which is a feature that can be automated through an IDE",wrong
4,3,3-5,4,lc,Developer,5,"A perfectly fine design pattern was destroyed, any dev would recognize the pattern but the software is working on refactoring rules.",wrong
4,3,"more than 5",4,lc,Developer,5,"Computer or programmer not familar with OOD could do such modification.",wrong
4,3,"more than 5",5,lc,Developer,4,"Seems easy to implement as an IDE feature",wrong
4,3,"more than 5",4,lc,Developer,4,"A developer wouldn't have moved object creating from factory to an abstract class that is, I guess, on top of inheritance hierarchy.",wrong
4,3,3-5,3,lc,Developer,5,"I am not sure if software could pick that LC up, but other than that, I cannot tell who made the change.",wrong
4,3,3-5,4,lc,Developer,3,"no way to idenitfy it.",wrong
4,3,"more than 5",5,lc,Developer,3,"No Business logic.",wrong
4,3,3-5,5,lc,Developer,5,human,wrong
1,4,"more than 5",4,bl,Software,4,"The fluent API is used an the introduced code.",wrong
3,4,"more than 5",4,lc,Software,4,"It seems a renaming of the class. Some improvement opportunities are lost.",wrong
1,4,"more than 5",4,bl,Software,5,"1/ There are new comments.  2/ some fields have had their visibility extended, a thing an automated tool wouldn't do.",wrong
1,4,3-5,4,bl,Software,4,"Firstly I thought that is was a developer because of many whitespaces and not writing as java convention says to format code, but than I noticed that it was just a copy paste. It was lazy developer or software. Additionally every method has java docs comments. 
 Now I changed my mind that it was a developer as java doc comment has typos in words and it knows what this method is for 'This method will open the Transaction manager for this ressource adb use'.",wrong
1,4,"Less than one year",1,bl,Software,1,"Maybe human because the deleted lines doesn't seem to be similar as the added lines.",wrong
1,4,"Less than one year",2,bl,Software,5,"I dont know for this one",wrong
4,4,"more than 5",5,bl,Developer,3,"Makes no sense to keep a call to setRsrId setRsr_id_ptr",wrong
4,4,"Less than one year",2,bl,Developer,3,"Class extraction?",wrong
1,4,3-5,3,bl,Software,5,"I would assume in this case the developer has to make a decision about where to move the methods. Therefore I chose ""Developer"""".""",wrong
1,4,1-2,3,bl,Software,2,"It is not an automatic way to create a patch.",wrong
1,4,3-5,4,bl,Software,5,"There's a bunch of added comments...",wrong
1,4,"more than 5",5,bl,Software,5,"it's extract the class",wrong
1,4,3-5,5,bl,Software,5,"The absence of private fields.",wrong
3,4,"more than 5",5,lc,Software,4,"Some changes look to be done manually",wrong
4,4,"more than 5",5,bl,Developer,5,"Can be refactored automaticaly",wrong
1,4,"more than 5",5,bl,Software,3,"This shows a little more thought and I'm guessing an automated tool might avoid the use of default package scope. It's far from universally loved.",wrong
1,4,"more than 5",5,bl,Software,4,comment,wrong
3,4,"more than 5",5,lc,Software,4,"Nothing too strange.. ",wrong
1,4,"more than 5",5,bl,Software,5,"append(""@"""").append(pop3xmlReceiver.mHost).toString() noved to getAddress() Semantic change in the syntax domain.""",wrong
1,4,3-5,5,bl,Software,5,"because you can see there are code commented ",wrong
1,4,1-2,3,bl,Software,1,"removing the access modifier in some variable means you know where it's used.",wrong
2,4,1-2,3,lp,Software,5,"Seems like an automated change that could also be easily done by a human",wrong
2,4,"more than 5",5,lp,Software,5,"Resolved the long parameter list problem properly.",wrong
2,4,1-2,4,lp,Software,4,"Almost always the way to call a variable is not with a underline instead the software never use that.",wrong
3,4,"more than 5",5,lc,Software,5,"Added code is not well formatted. ",wrong
3,4,"more than 5",4,lc,Software,3,"again not too much of refactoring here and hence can't determine whether it is done by a coder or software",wrong
3,4,"more than 5",4,lc,Software,3,"There is a custom logic in code",wrong
3,4,3-5,5,lc,Software,4,"It looks like that lazy class was refactored by the machine. There are some comments that prove that (about the static method, line 133)",wrong
3,4,1-2,4,lc,Software,3,"Each catch section has a particular and proper condition.",wrong
3,4,1-2,3,lc,Software,3,"Object shouldn't decalre with _",wrong
3,4,3-5,4,lc,Software,4,"SaveStackTrace handles the error and prints the trace which is common for all. Burn.printTrace needs to be called every time in the catch blocks. Instead of that we can have a single catch block which calls SaveStackTrace.printTrace(ex);",wrong
3,4,"more than 5",4,lc,Software,4,"It seems like developer has updated SaveStackTrace to Burn.printTrace method.
 Also file path is there which does indicate developer given path for that.",wrong
4,4,3-5,4,bl,Developer,5,"For the same reasons as the first question",wrong
4,4,3-5,4,bl,Developer,5,"Could have been done by either. Simply following the refactoring solutions",wrong
4,4,"more than 5",5,bl,Developer,3,"not sure",wrong
4,4,"more than 5",4,bl,Developer,5,"same problem. new class without any functionality used as data storage. ",wrong
4,4,"more than 5",5,bl,Developer,2,"Class extracted out of 2 fields..",wrong
4,4,"more than 5",4,bl,Developer,4,"It's just extracting few attributes to another class so easily done by a refactoring tool",wrong
4,4,"more than 5",4,bl,Developer,5,"I believe refactoring does not make code any better.",wrong
4,4,3-5,5,bl,Developer,4,"this made by software ",wrong
4,4,1-2,5,bl,Developer,5,"NewClazz05632507882
 this tells its from software",wrong
4,4,3-5,5,bl,Developer,4,"its look like scafolding work here",wrong
4,4,3-5,3,bl,Developer,4,"I think software could pick that up easily and also do it.
 Maybe rsr_rdb shoud be in the new class as well? Or also refactored?",wrong
4,4,3-5,4,bl,Developer,4,"the setter/getter methods looks like generated by s/w",wrong
4,4,3-5,5,bl,Developer,5,human,wrong
1,5,"more than 5",4,lp,Developer,4,"The fluent API is used an the introduced code.",wrong
3,5,"more than 5",4,sg,Developer,4,"It seems a renaming of the class. Some improvement opportunities are lost.",wrong
4,5,"more than 5",4,sg,Software,2,"Very hard to tell. ",wrong
3,5,"more than 5",5,sg,Developer,4,"Spread changes in many files imply tool support",wrong
3,5,1-2,2,sg,Developer,3,"I feel like this could have been done with a global search/replace. Replace SaveStackTrace with Burn.
 I would consider this as software",wrong
1,5,"Less than one year",2,lp,Developer,5,"I dont know for this one",wrong
2,5,"Less than one year",2,lc,Developer,3,"Cleaner code than before",wrong
4,5,"more than 5",5,sg,Software,3,"Makes no sense to keep a call to setRsrId setRsr_id_ptr",wrong
4,5,"Less than one year",2,sg,Software,3,"Class extraction?",wrong
1,5,1-2,3,lp,Developer,2,"It is not an automatic way to create a patch.",wrong
1,5,"more than 5",5,lp,Developer,5,"it's extract the class",wrong
1,5,3-5,5,lp,Developer,5,"The absence of private fields.",wrong
1,5,"more than 5",5,lp,Developer,5,"A software should be able to remove complexity",wrong
2,5,"more than 5",5,lc,Developer,5,"Easy to automaticaly refactor parameter list into a new class",wrong
3,5,"more than 5",5,sg,Developer,4,"Some changes look to be done manually",wrong
4,5,"more than 5",5,sg,Software,5,"Can be refactored automaticaly",wrong
1,5,"more than 5",5,lp,Developer,4,comment,wrong
3,5,"more than 5",5,sg,Developer,4,"Nothing too strange.. ",wrong
1,5,1-2,3,lp,Developer,1,"refactoring ",wrong
1,5,3-5,5,lp,Developer,5,"because you can see there are code commented ",wrong
2,5,"Less than one year",4,lc,Developer,4,"it looks generated",wrong
1,5,1-2,3,lp,Developer,1,"removing the access modifier in some variable means you know where it's used.",wrong
2,5,"Less than one year",3,lc,Developer,4,"Naming of classes feel generated",wrong
2,5,"Less than one year",3,lc,Developer,4,"A good developer knows that this doesn't quite solve the underlying design problem.",wrong
2,5,3-5,4,lc,Developer,4,"I think it could be easily done by a soft.",wrong
2,5,"more than 5",4,lc,Developer,4,"It seems easy for an IA to identify parameters and types and build a class with those parameters as args.",wrong
3,5,"more than 5",5,sg,Developer,4,"The Lazy Class SaveStackTrace might have been eliminated, but the utility printTrace() was simply moved to the Burn class, where it appears not to belong. As a result of this refactoring, Burn now has the Blob problem, in my opinion. I don't think a developer would do this.",wrong
2,5,"more than 5",5,lc,Developer,5,"Resolved the long parameter list problem properly.",wrong
2,5,3-5,2,lc,Developer,3,"just the way the code looks",wrong
3,5,3-5,2,sg,Developer,2,"it does look like the kind of replacement that could be automated",wrong
2,5,3-5,3,lc,Developer,4,"IP I've been perfectly done.",wrong
2,5,"more than 5",4,lc,Developer,5,"this class was modified by the software as there is poor use of ops concepts. from readability aspects this looks poor code not reviewed by the developer",wrong
2,5,1-2,4,lc,Developer,4,"Almost always the way to call a variable is not with a underline instead the software never use that.",wrong
2,5,1-2,3,lc,Developer,5,"It is clean and well formatted",wrong
3,5,"more than 5",4,sg,Developer,3,"It seems mean nothing. If it were me to refactor it, I will change class SaveStackTrace to let it do more things to reduce the code in each catch section.
 In the new method or class, call one method to do there things, then this class no more be lazy.",wrong
3,5,"more than 5",4,sg,Developer,3,"again not too much of refactoring here and hence can't determine whether it is done by a coder or software",wrong
3,5,3-5,5,sg,Developer,4,"It looks like that lazy class was refactored by the machine. There are some comments that prove that (about the static method, line 133)",wrong
3,5,3-5,4,sg,Developer,4,"SaveStackTrace handles the error and prints the trace which is common for all. Burn.printTrace needs to be called every time in the catch blocks. Instead of that we can have a single catch block which calls SaveStackTrace.printTrace(ex);",wrong
4,5,3-5,4,sg,Software,5,"For the same reasons as the first question",wrong
4,5,3-5,4,sg,Software,5,"Could have been done by either. Simply following the refactoring solutions",wrong
4,5,"more than 5",5,sg,Software,3,"not sure",wrong
4,5,"more than 5",4,sg,Software,5,"same problem. new class without any functionality used as data storage. ",wrong
4,5,"more than 5",5,sg,Software,2,"Class extracted out of 2 fields..",wrong
4,5,"more than 5",4,sg,Software,4,"It's just extracting few attributes to another class so easily done by a refactoring tool",wrong
4,5,"more than 5",5,sg,Software,4,"This is moving few attributes to another class.",wrong
4,5,"more than 5",4,sg,Software,5,"I believe refactoring does not make code any better.",wrong
4,5,3-5,5,sg,Software,4,"this made by software ",wrong
4,5,1-2,5,sg,Software,5,"NewClazz05632507882
 this tells its from software",wrong
4,5,3-5,3,sg,Software,4,"I think software could pick that up easily and also do it.
 Maybe rsr_rdb shoud be in the new class as well? Or also refactored?",wrong
4,5,3-5,4,sg,Software,4,"the setter/getter methods looks like generated by s/w",wrong
4,5,"more than 5",5,sg,Software,4,"Additional logic in setters / getters",wrong
