datesub,syst,apType,origin,tlx_score,timing_sec,correctAnsPer,development_experience,java_confident,projects_nature,gender
2018-01-22,47,ic,machine,20.21,1238,1,>5,4,Propietary,Male
2018-01-30,47,ic,human,53.66,2069,0.67," "">2-5""",4,Both,Male
2018-01-30,47,ic,machine,48.59,588,1,""">2-5""",4,Open-Source,Male
2018-02-09,47,ic,machine,50.41,2640,0.83,""">2-5""",4,Both,Male
2018-02-10,47,ic,human,56.2,1340,0.83,""">2-5""",5,Open-Source,Male
2018-01-23,47,ic,human,32.93,2360,0.67,>5,4,Both,Female
2018-01-22,52,ch,machine,48.07,1800,0.83,>5,4,Propietary,Male
2018-01-30,52,ch,human,56.07,1306,0.67,""">2-5""",4,Both,Male
2018-01-30,52,ch,machine,56.67,664,0.67,""">2-5""",4,Open-Source,Male
2018-02-09,52,ch,machine,53.33,2233,0.5,""">2-5""",4,Both,Male
2018-02-10,52,ch,human,47.27,634,0.5,""">2-5""",5,Open-Source,Male
2018-01-23,52,ch,human,36.26,945,0.17,>5,4,Both,Female
2018-02-05,70,ec,human,65.79,4380,0.5,""">2-5""",4,Propietary,Male
2018-01-21,70,ec,machine,50.6,2679,0.33,"""1-2""",3,Propietary,Male
2018-04-03,70,ec,human,10.27,518,0.67," "">2-5""",5,Propietary,Male
2018-01-26,70,ec,machine,38.87,1016,0.5,"""1-2""",4,Both,Male
2018-01-25,70,ec,human,31.66,2125,1,>5,4,Propietary,Male
2018-01-22,70,ec,machine,24.46,2499,0.5,>5,4,Open-Source,Male
2018-02-05,81,ec,human,45.2,2105,1," "">2-5""",4,Propietary,Male
2018-01-21,81,ec,machine,35.06,2321,0.67,"""1-2""",3,Propietary,Male
2018-04-03,81,ec,human,70.86,863,0.67," "">2-5""",5,Propietary,Male
2018-01-26,81,ec,machine,46.67,1228,0.5,"""1-2""",4,Both,Male
2018-01-25,81,ec,human,37.87,1339,0.67,>5,4,Propietary,Male
2018-01-22,81,ec,machine,17,1639,0.5,>5,4,Open-Source,Male
2018-01-31,83,mm,machine,28.2,1200,0.67,>5,5,Propietary,Male
2018-01-23,83,mm,machine,56.13,2700,1,"""1-2""",4,Propietary,Female
2018-01-23,83,mm,human,54.07,965,0.67," "">2-5""",5,Both,Male
2018-02-10,83,mm,machine,54.47,2354,0.67,>5,5,Both,Male
2018-01-31,83,mm,human,68.33,1992,0.83,>5,5,Propietary,Male
2018-02-12,83,mm,human,60,3000,0.7," "">2-5""",4,Both,Female
2018-01-31,86,ch,machine,65.27,1152,0.83,>5,5,Propietary,Male
2018-01-23,86,ch,machine,53.47,3312,0.83,"""1-2""",4,Propietary,Female
2018-01-23,86,ch,human,50.53,994,0.83," "">2-5""",5,Both,Male
2018-02-10,86,ch,machine,39.8,1676,0.67,>5,5,Both,Male
2018-02-12,86,ch,human,50,1942,0.83," "">2-5""",4,Both,Female
2018-01-31,86,ch,human,52.2,833,0.83,>5,5,Propietary,Male
2018-01-31,101,ic,machine,63.66,3063,0.83,>5,4,Propietary,Male
2018-02-14,101,ic,human,49.13,1740,0.67," "">2-5""",4,Both,Male
2018-01-30,101,ic,human,26.13,1111,1,>5,5,Both,Female
2018-01-24,101,ic,machine,40.47,1380,1,"""1-2""",4,Both,Female
2018-01-25,101,ic,human,33.6,1449,1,"""1-2""",0,Both,Male
2018-02-08,101,ic,machine,49,1714,0.67," "">2-5""",5,Propietary,Male
2018-01-31,103,ip,machine,71.13,771,0.67,>5,4,Propietary,Male
2018-02-14,103,ip,human,59.54,1800,0.33," "">2-5""",4,Both,Male
2018-01-30,103,ip,human,33.27,1011,0.67,>5,5,Both,Female
2018-01-24,103,ip,machine,40.86,994,0.83,"""1-2""",4,Both,Female
2018-01-25,103,ip,human,39.28,1317,0.5,"""1-2""",0,Both,Male
2018-02-08,103,ip,machine,62.34,1074,0.83," "">2-5""",5,Propietary,Male
2018-01-18,104,ip,human,75.21,1579,0.33,>5,4,Propietary,Male
2018-01-11,104,ip,machine,51.54,2700,0.83," "">2-5""",0,Both,Male
2018-02-08,104,ip,machine,88,2629,0.5," "">2-5""",3,Propietary,Male
2018-01-29,104,ip,human,51.47,1505,0.83,>5,4,Both,Male
2018-02-07,104,ip,human,51.26,1447,0.67,"""1-2""",5,Both,Male
2018-01-26,104,ip,machine,52.27,2704,0.5,>5,4,Both,Male
2018-01-18,110,mm,human,72.6,1089,0.67,>5,4,Propietary,Male
2018-01-11,110,mm,machine,52.07,1200,0.5," "">2-5""",0,Both,Male
2018-02-08,110,mm,machine,43.2,864,0.33," "">2-5""",3,Propietary,Male
2018-01-29,110,mm,human,48.47,698,0.67,>5,4,Both,Male
2018-02-07,110,mm,human,55.94,900,0.83,"""1-2""",5,Both,Male
2018-01-26,110,mm,machine,47,1536,0.5,>5,4,Both,Male
